연도,유동비율(%),부채비율(%),ROA(%),ROE(%),매출액증가율(%),영업이익률(%),순이익률(%),총자산회전율(회),이자보상배율(배)
2020,94.42479871700125,153.65351022106566,1.9932351150916758,5.055910836388935,-14.267196350039137,6.462018410221646,3.281371478491716,0.607439641673203,-2.8944930399155773
2021,104.94256531675366,143.9576798906793,3.0940816239164373,7.548249743630395,-21.44988173077697,6.884236933007276,5.771930166288332,0.5360566629838666,-5.004124202177128
2022,125.92063193849619,140.7993369456837,1.535866895123847,3.6983572998264833,2.7482154898088154,7.076688534965338,2.680712921272084,0.5729322535570235,-4.272109790692804
2023,113.21585882939351,171.82491552652175,-0.41658187377894795,-1.1323733264984268,7.218972137361282,4.549180330337754,-0.7678153433545443,0.5425547657838199,1.452717602481932
2024,92.95422909906699,183.18316885515947,2.157392002747875,6.109371038009221,,-2.4224413995690752,5.228424733526802,0.4126275336649283,-0.5474596854799658
