연도,유동비율(%),부채비율(%),ROA(%),ROE(%),매출액증가율(%),영업이익률(%),순이익률(%),총자산회전율(회),이자보상배율(배)
2020,131.88280775187116,163.5919028789602,-2.2654480201004974,-5.971537544916631,0.5727308473822577,0.19575934360234037,-15.412756085495454,0.14698526386416066,0.041327254524895024
2021,100.65241597096563,171.8270771562824,3.912904558663334,10.636334093729472,-38.92388815565297,26.367509842310305,31.90534912494879,0.1226410199537227,2.60270678525222
2022,164.3022762145276,85.97595232964235,2.036128721969731,3.7867097813405826,-85.8592990407305,25.43499936921686,16.342228982242933,0.12459308483451914,2.3384776338529654
2023,157.3384376327181,186.42019907761332,3.604947089104016,6.720349540150333,31.71747317530709,6.410442646079607,4.853940395555314,0.7426846634550799,2.5236018156768365
2024,127.14636394992851,94.74821906985225,0.5614657891513412,1.0934446250587286,,2.2458872772529297,1.3216529463689595,0.424820896207195,0.4564466011253559
